{"benchmark":{"aggregate_metrics":{"contrastive_loss":1.5042855538629163,"delta_norm_mean":1.4878522849677904,"delta_norm_std":0.04502942717972504,"exact_state_accuracy":0.0,"example_count":7.695430565889107,"loss":2.993150040818867,"paraphrase_delta_cosine":0.9662871469671108,"paraphrase_loss":0.0024071600041189367,"per_field_accuracy":{"container_accuracy":0.3677068399995364,"holder_accuracy":0.059402558974076466,"macro_accuracy":0.2290377648156889,"visibility_accuracy":0.26000389547345387},"state_loss":0.10675090655312573,"text_loss":2.8863991393480575},"per_split_metrics":{"test_compositional_ood":{"contrastive_loss":1.648969434556507,"delta_norm_mean":1.4872758785883586,"delta_norm_std":0.03015634491758716,"exact_state_accuracy":0.0,"example_count":7.285714285714286,"loss":3.2487302734738304,"paraphrase_delta_cosine":0.9476614793141683,"paraphrase_loss":0.0036494885349557513,"per_field_accuracy":{"container_accuracy":0.2698412710239017,"holder_accuracy":0.05357142857142857,"macro_accuracy":0.16534391591552075,"visibility_accuracy":0.17261904815123194},"split":"test_compositional_ood","state_loss":0.09509464637154624,"text_loss":3.153635649454026},"test_iid":{"contrastive_loss":1.2409960174560546,"delta_norm_mean":1.4905036306381225,"delta_norm_std":0.03840411070864406,"exact_state_accuracy":0.0,"example_count":7.72,"loss":2.555289316177368,"paraphrase_delta_cosine":0.9689144015312194,"paraphrase_loss":0.0022452099062502382,"per_field_accuracy":{"container_accuracy":0.33333333333333337,"holder_accuracy":0.085,"macro_accuracy":0.20944444444444446,"visibility_accuracy":0.21},"split":"test_iid","state_loss":0.10795684725046158,"text_loss":2.44733247756958},"test_length_ood":{"contrastive_loss":1.6968910818298657,"delta_norm_mean":1.4899619417265058,"delta_norm_std":0.05434731500587032,"exact_state_accuracy":0.0,"example_count":8.0,"loss":3.0226670453945794,"paraphrase_delta_cosine":0.9693522502978643,"paraphrase_loss":0.002210562837717589,"per_field_accuracy":{"container_accuracy":0.529513888888889,"holder_accuracy":0.060546875,"macro_accuracy":0.3215784143518518,"visibility_accuracy":0.3746744791666667},"split":"test_length_ood","state_loss":0.12942488150050244,"text_loss":2.8932421654462814},"test_lexical_ood":{"contrastive_loss":1.7499038959804334,"delta_norm_mean":1.463441780993813,"delta_norm_std":0.04775684091522527,"exact_state_accuracy":0.0,"example_count":7.926315789473684,"loss":3.040632933064511,"paraphrase_delta_cosine":0.9676860112892954,"paraphrase_loss":0.002305245876165205,"per_field_accuracy":{"container_accuracy":0.24912280764496114,"holder_accuracy":0.06447368438698743,"macro_accuracy":0.1944444448235091,"visibility_accuracy":0.2697368424385786},"split":"test_lexical_ood","state_loss":0.09890028222611076,"text_loss":2.9417326375057824},"test_paraphrase_ood":{"contrastive_loss":1.4731674162652406,"delta_norm_mean":1.525596334292643,"delta_norm_std":0.038880167008947156,"exact_state_accuracy":0.0,"example_count":7.95016611295681,"loss":3.3290611461943564,"paraphrase_delta_cosine":0.9695612994143337,"paraphrase_loss":0.0022174559078764083,"per_field_accuracy":{"container_accuracy":0.3023255815273636,"holder_accuracy":0.05772425250407073,"macro_accuracy":0.20293466230161997,"visibility_accuracy":0.24875415287342578},"split":"test_paraphrase_ood","state_loss":0.0997055255346916,"text_loss":3.2293556322687094},"val":{"contrastive_loss":1.1906012955464815,"delta_norm_mean":1.4684733654323376,"delta_norm_std":0.060594818777426576,"exact_state_accuracy":0.0,"example_count":7.2105263157894735,"loss":2.7483899216902885,"paraphrase_delta_cosine":0.9737457099713778,"paraphrase_loss":0.001864587128358452,"per_field_accuracy":{"container_accuracy":0.5263157899965321,"holder_accuracy":0.03289473684210526,"macro_accuracy":0.27850877230017507,"visibility_accuracy":0.27631579006188794},"split":"val","state_loss":0.10847907395739305,"text_loss":2.6399108485171667}},"summary_path":"runs\\toy_state_head_baseline\\benchmark_eval\\summary.md"},"train_metrics":{"best_metric_name":"exact_state_accuracy","best_metric_value":0.0,"contrastive_loss":1.1906012955464815,"delta_norm_mean":1.4684733654323376,"delta_norm_std":0.060594818777426576,"exact_state_accuracy":0.0,"example_count":7.2105263157894735,"global_steps":20.0,"last_val":{"contrastive_loss":1.1906012955464815,"delta_norm_mean":1.4684733654323376,"delta_norm_std":0.060594818777426576,"exact_state_accuracy":0.0,"example_count":7.2105263157894735,"loss":2.7483899216902885,"paraphrase_delta_cosine":0.9737457099713778,"paraphrase_loss":0.001864587128358452,"per_field_accuracy":{"container_accuracy":0.5263157899965321,"holder_accuracy":0.03289473684210526,"macro_accuracy":0.27850877230017507,"visibility_accuracy":0.27631579006188794},"state_loss":0.10847907395739305,"text_loss":2.6399108485171667},"loss":2.7483899216902885,"paraphrase_delta_cosine":0.9737457099713778,"paraphrase_loss":0.001864587128358452,"per_field_accuracy":{"container_accuracy":0.5263157899965321,"holder_accuracy":0.03289473684210526,"macro_accuracy":0.27850877230017507,"visibility_accuracy":0.27631579006188794},"state_loss":0.10847907395739305,"text_loss":2.6399108485171667}}
