{"best_metric_name":"exact_state_accuracy","best_metric_value":0.0,"contrastive_loss":1.1906012955464815,"delta_norm_mean":1.4684733654323376,"delta_norm_std":0.060594818777426576,"exact_state_accuracy":0.0,"example_count":7.2105263157894735,"global_steps":20.0,"last_val":{"contrastive_loss":1.1906012955464815,"delta_norm_mean":1.4684733654323376,"delta_norm_std":0.060594818777426576,"exact_state_accuracy":0.0,"example_count":7.2105263157894735,"loss":2.7483899216902885,"paraphrase_delta_cosine":0.9737457099713778,"paraphrase_loss":0.001864587128358452,"per_field_accuracy":{"container_accuracy":0.5263157899965321,"holder_accuracy":0.03289473684210526,"macro_accuracy":0.27850877230017507,"visibility_accuracy":0.27631579006188794},"state_loss":0.10847907395739305,"text_loss":2.6399108485171667},"loss":2.7483899216902885,"paraphrase_delta_cosine":0.9737457099713778,"paraphrase_loss":0.001864587128358452,"per_field_accuracy":{"container_accuracy":0.5263157899965321,"holder_accuracy":0.03289473684210526,"macro_accuracy":0.27850877230017507,"visibility_accuracy":0.27631579006188794},"state_loss":0.10847907395739305,"text_loss":2.6399108485171667}
