{"benchmark":{"aggregate_metrics":{"contrastive_loss":2.111631819406008,"delta_norm_mean":0.92943714103925,"delta_norm_std":0.08529523185400151,"exact_state_accuracy":0.0,"example_count":7.695430565889107,"loss":3.2189543368288094,"paraphrase_delta_cosine":0.7653266731375136,"paraphrase_loss":0.006425972210819406,"per_field_accuracy":{"container_accuracy":0.3677068399995364,"holder_accuracy":0.059402558974076466,"macro_accuracy":0.22606811653952205,"visibility_accuracy":0.25109495064495324},"state_loss":0.10696447061967372,"text_loss":2.899541526012204},"per_split_metrics":{"test_compositional_ood":{"contrastive_loss":1.6037015914916992,"delta_norm_mean":0.8636241129466465,"delta_norm_std":0.03724740791853351,"exact_state_accuracy":0.0,"example_count":7.285714285714286,"loss":3.410648607072376,"paraphrase_delta_cosine":0.7781753256207421,"paraphrase_loss":0.0051981187203810324,"per_field_accuracy":{"container_accuracy":0.2698412710239017,"holder_accuracy":0.05357142857142857,"macro_accuracy":0.1593915349631398,"visibility_accuracy":0.1547619052940891},"split":"test_compositional_ood","state_loss":0.09538370761133376,"text_loss":3.15385525567191},"test_iid":{"contrastive_loss":0.15279678344726563,"delta_norm_mean":0.9997639989852906,"delta_norm_std":0.1058058493960017,"exact_state_accuracy":0.0,"example_count":7.72,"loss":2.600733366012573,"paraphrase_delta_cosine":0.9452500367164611,"paraphrase_loss":0.0017601540312170982,"per_field_accuracy":{"container_accuracy":0.33333333333333337,"holder_accuracy":0.085,"macro_accuracy":0.20777777777777778,"visibility_accuracy":0.205},"split":"test_iid","state_loss":0.10811237841844559,"text_loss":2.4769893074035645},"test_length_ood":{"contrastive_loss":3.2845263332128525,"delta_norm_mean":0.9291482142483195,"delta_norm_std":0.09900760363357412,"exact_state_accuracy":0.0,"example_count":8.0,"loss":3.3704696049292884,"paraphrase_delta_cosine":0.6814105715602636,"paraphrase_loss":0.008851937498548068,"per_field_accuracy":{"container_accuracy":0.529513888888889,"holder_accuracy":0.060546875,"macro_accuracy":0.32266348379629634,"visibility_accuracy":0.3779296875},"split":"test_length_ood","state_loss":0.12949571882685026,"text_loss":2.9107508808374405},"test_lexical_ood":{"contrastive_loss":5.736096823842902,"delta_norm_mean":0.8761521872721221,"delta_norm_std":0.07409461924038395,"exact_state_accuracy":0.0,"example_count":7.926315789473684,"loss":3.627404049823159,"paraphrase_delta_cosine":0.4061918293174944,"paraphrase_loss":0.016416254384737265,"per_field_accuracy":{"container_accuracy":0.24912280764496114,"holder_accuracy":0.06447368438698743,"macro_accuracy":0.19049707642206323,"visibility_accuracy":0.2578947372342411},"split":"test_lexical_ood","state_loss":0.09948032129752009,"text_loss":2.9510307889235645},"test_paraphrase_ood":{"contrastive_loss":1.3371388056745561,"delta_norm_mean":1.0007790826087775,"delta_norm_std":0.07756880635658002,"exact_state_accuracy":0.0,"example_count":7.95016611295681,"loss":3.464732216046102,"paraphrase_delta_cosine":0.8638411312800309,"paraphrase_loss":0.0039695471600997585,"per_field_accuracy":{"container_accuracy":0.3023255815273636,"holder_accuracy":0.05772425250407073,"macro_accuracy":0.19961240316953285,"visibility_accuracy":0.2387873754771643},"split":"test_paraphrase_ood","state_loss":0.09960194922166805,"text_loss":3.2306224650322797},"val":{"contrastive_loss":0.29045807692761483,"delta_norm_mean":0.9008755746640658,"delta_norm_std":0.11750199793288725,"exact_state_accuracy":0.0,"example_count":7.2105263157894735,"loss":2.799073432621203,"paraphrase_delta_cosine":0.9389781732308237,"paraphrase_loss":0.0016969193116222556,"per_field_accuracy":{"container_accuracy":0.5263157899965321,"holder_accuracy":0.03289473684210526,"macro_accuracy":0.27412280738789435,"visibility_accuracy":0.26315789532504585},"split":"val","state_loss":0.1087836576135535,"text_loss":2.6609046459198}},"summary_path":"runs\\toy_para_align_baseline\\benchmark_eval\\summary.md"},"train_metrics":{"best_metric_name":"exact_state_accuracy","best_metric_value":0.0,"contrastive_loss":0.29045807692761483,"delta_norm_mean":0.9008755746640658,"delta_norm_std":0.11750199793288725,"exact_state_accuracy":0.0,"example_count":7.2105263157894735,"global_steps":20.0,"last_val":{"contrastive_loss":0.29045807692761483,"delta_norm_mean":0.9008755746640658,"delta_norm_std":0.11750199793288725,"exact_state_accuracy":0.0,"example_count":7.2105263157894735,"loss":2.799073432621203,"paraphrase_delta_cosine":0.9389781732308237,"paraphrase_loss":0.0016969193116222556,"per_field_accuracy":{"container_accuracy":0.5263157899965321,"holder_accuracy":0.03289473684210526,"macro_accuracy":0.27412280738789435,"visibility_accuracy":0.26315789532504585},"state_loss":0.1087836576135535,"text_loss":2.6609046459198},"loss":2.799073432621203,"paraphrase_delta_cosine":0.9389781732308237,"paraphrase_loss":0.0016969193116222556,"per_field_accuracy":{"container_accuracy":0.5263157899965321,"holder_accuracy":0.03289473684210526,"macro_accuracy":0.27412280738789435,"visibility_accuracy":0.26315789532504585},"state_loss":0.1087836576135535,"text_loss":2.6609046459198}}
