{"best_metric_name":"exact_state_accuracy","best_metric_value":0.0,"contrastive_loss":0.29045807692761483,"delta_norm_mean":0.9008755746640658,"delta_norm_std":0.11750199793288725,"exact_state_accuracy":0.0,"example_count":7.2105263157894735,"global_steps":20.0,"last_val":{"contrastive_loss":0.29045807692761483,"delta_norm_mean":0.9008755746640658,"delta_norm_std":0.11750199793288725,"exact_state_accuracy":0.0,"example_count":7.2105263157894735,"loss":2.799073432621203,"paraphrase_delta_cosine":0.9389781732308237,"paraphrase_loss":0.0016969193116222556,"per_field_accuracy":{"container_accuracy":0.5263157899965321,"holder_accuracy":0.03289473684210526,"macro_accuracy":0.27412280738789435,"visibility_accuracy":0.26315789532504585},"state_loss":0.1087836576135535,"text_loss":2.6609046459198},"loss":2.799073432621203,"paraphrase_delta_cosine":0.9389781732308237,"paraphrase_loss":0.0016969193116222556,"per_field_accuracy":{"container_accuracy":0.5263157899965321,"holder_accuracy":0.03289473684210526,"macro_accuracy":0.27412280738789435,"visibility_accuracy":0.26315789532504585},"state_loss":0.1087836576135535,"text_loss":2.6609046459198}
