{"benchmark":{"aggregate_metrics":{"contrastive_loss":1.5613961258432474,"delta_norm_mean":1.6753190009971108,"delta_norm_std":0.06396798757124347,"exact_state_accuracy":0.0,"example_count":7.695430565889107,"loss":2.8750546879946337,"paraphrase_delta_cosine":0.9626075761963019,"paraphrase_loss":0.003322983447274986,"per_field_accuracy":{"container_accuracy":0.5923934043879269,"holder_accuracy":0.4462060103651174,"macro_accuracy":0.5173472884849046,"visibility_accuracy":0.5134424507016699},"state_loss":0.0,"text_loss":2.8750546879946337},"per_split_metrics":{"test_compositional_ood":{"contrastive_loss":1.683868095988319,"delta_norm_mean":1.65262386344728,"delta_norm_std":0.06699207676625321,"exact_state_accuracy":0.0,"example_count":7.285714285714286,"loss":3.1942296141669866,"paraphrase_delta_cosine":0.9497506873948234,"paraphrase_loss":0.004435444028959388,"per_field_accuracy":{"container_accuracy":0.1587301594397378,"holder_accuracy":0.43452381200733636,"macro_accuracy":0.3326719595641686,"visibility_accuracy":0.40476190724543165},"split":"test_compositional_ood","state_loss":0.0,"text_loss":3.1942296141669866},"test_iid":{"contrastive_loss":1.3308200454711914,"delta_norm_mean":1.6900466871261597,"delta_norm_std":0.07184226672555996,"exact_state_accuracy":0.0,"example_count":7.72,"loss":2.464376201629639,"paraphrase_delta_cosine":0.9647327399253846,"paraphrase_loss":0.003273076768964529,"per_field_accuracy":{"container_accuracy":0.6533333333333334,"holder_accuracy":0.43,"macro_accuracy":0.5294444444444446,"visibility_accuracy":0.505},"split":"test_iid","state_loss":0.0,"text_loss":2.464376201629639},"test_length_ood":{"contrastive_loss":1.7413177440563838,"delta_norm_mean":1.664022489450872,"delta_norm_std":0.06762111203736156,"exact_state_accuracy":0.0,"example_count":8.0,"loss":2.8811524162689843,"paraphrase_delta_cosine":0.9645062449077765,"paraphrase_loss":0.003096013499695497,"per_field_accuracy":{"container_accuracy":0.9852430555555559,"holder_accuracy":0.646484375,"macro_accuracy":0.7881582754629629,"visibility_accuracy":0.7327473958333334},"split":"test_length_ood","state_loss":0.0,"text_loss":2.8811524162689843},"test_lexical_ood":{"contrastive_loss":1.7633313668401618,"delta_norm_mean":1.7098925239161442,"delta_norm_std":0.06760944722444256,"exact_state_accuracy":0.0,"example_count":7.926315789473684,"loss":2.9025625329268605,"paraphrase_delta_cosine":0.9697386685170626,"paraphrase_loss":0.002678372938872168,"per_field_accuracy":{"container_accuracy":0.543859650063933,"holder_accuracy":0.3644736851124387,"macro_accuracy":0.45409356807494716,"visibility_accuracy":0.45394736904846994},"split":"test_lexical_ood","state_loss":0.0,"text_loss":2.9025625329268605},"test_paraphrase_ood":{"contrastive_loss":1.5770844280521734,"delta_norm_mean":1.6788011064561101,"delta_norm_std":0.06010836969647064,"exact_state_accuracy":0.0,"example_count":7.95016611295681,"loss":3.130826413037373,"paraphrase_delta_cosine":0.9581806782472173,"paraphrase_loss":0.003716441419012721,"per_field_accuracy":{"container_accuracy":0.5481727576070978,"holder_accuracy":0.3754152824415321,"macro_accuracy":0.46124031019578243,"visibility_accuracy":0.4601328905387178},"split":"test_paraphrase_ood","state_loss":0.0,"text_loss":3.130826413037373},"val":{"contrastive_loss":1.2456149490256059,"delta_norm_mean":1.6531709181635004,"delta_norm_std":0.048681192720060995,"exact_state_accuracy":0.0,"example_count":7.2105263157894735,"loss":2.6732351905421208,"paraphrase_delta_cosine":0.968258660090597,"paraphrase_loss":0.002778959276742841,"per_field_accuracy":{"container_accuracy":0.631578947368421,"holder_accuracy":0.4210526327553548,"macro_accuracy":0.5219298253456751,"visibility_accuracy":0.5131578959132496},"split":"val","state_loss":0.0,"text_loss":2.6732351905421208}},"summary_path":"runs\\toy_baseline\\benchmark_eval\\summary.md"},"train_metrics":{"best_metric_name":"exact_state_accuracy","best_metric_value":0.0,"contrastive_loss":1.2456149490256059,"delta_norm_mean":1.6531709181635004,"delta_norm_std":0.048681192720060995,"exact_state_accuracy":0.0,"example_count":7.2105263157894735,"global_steps":20.0,"last_val":{"contrastive_loss":1.2456149490256059,"delta_norm_mean":1.6531709181635004,"delta_norm_std":0.048681192720060995,"exact_state_accuracy":0.0,"example_count":7.2105263157894735,"loss":2.6732351905421208,"paraphrase_delta_cosine":0.968258660090597,"paraphrase_loss":0.002778959276742841,"per_field_accuracy":{"container_accuracy":0.631578947368421,"holder_accuracy":0.4210526327553548,"macro_accuracy":0.5219298253456751,"visibility_accuracy":0.5131578959132496},"state_loss":0.0,"text_loss":2.6732351905421208},"loss":2.6732351905421208,"paraphrase_delta_cosine":0.968258660090597,"paraphrase_loss":0.002778959276742841,"per_field_accuracy":{"container_accuracy":0.631578947368421,"holder_accuracy":0.4210526327553548,"macro_accuracy":0.5219298253456751,"visibility_accuracy":0.5131578959132496},"state_loss":0.0,"text_loss":2.6732351905421208}}
