{"best_metric_name":"exact_state_accuracy","best_metric_value":0.0,"contrastive_loss":1.2456149490256059,"delta_norm_mean":1.6531709181635004,"delta_norm_std":0.048681192720060995,"exact_state_accuracy":0.0,"example_count":7.2105263157894735,"global_steps":20.0,"last_val":{"contrastive_loss":1.2456149490256059,"delta_norm_mean":1.6531709181635004,"delta_norm_std":0.048681192720060995,"exact_state_accuracy":0.0,"example_count":7.2105263157894735,"loss":2.6732351905421208,"paraphrase_delta_cosine":0.968258660090597,"paraphrase_loss":0.002778959276742841,"per_field_accuracy":{"container_accuracy":0.631578947368421,"holder_accuracy":0.4210526327553548,"macro_accuracy":0.5219298253456751,"visibility_accuracy":0.5131578959132496},"state_loss":0.0,"text_loss":2.6732351905421208},"loss":2.6732351905421208,"paraphrase_delta_cosine":0.968258660090597,"paraphrase_loss":0.002778959276742841,"per_field_accuracy":{"container_accuracy":0.631578947368421,"holder_accuracy":0.4210526327553548,"macro_accuracy":0.5219298253456751,"visibility_accuracy":0.5131578959132496},"state_loss":0.0,"text_loss":2.6732351905421208}
