{"best_metric_name":"per_field_accuracy","best_metric_value":0.3341371918608884,"contrastive_loss":0.01808850120729093,"delta_norm_mean":2.704705128587966,"delta_norm_std":0.4152016209291983,"exact_state_accuracy":0.0,"example_count":15.941050375133976,"global_steps":500.0,"last_val":{"contrastive_loss":0.01808850120729093,"delta_norm_mean":2.704705128587966,"delta_norm_std":0.4152016209291983,"exact_state_accuracy":0.0,"example_count":15.941050375133976,"loss":0.2967482745839085,"paraphrase_delta_cosine":0.8469773799915661,"paraphrase_loss":0.01678290088548218,"per_field_accuracy":{"container_accuracy":0.5723472668810291,"holder_accuracy":0.09043408360727538,"macro_accuracy":0.3341371918608884,"visibility_accuracy":0.3396302250943607},"state_loss":0.1249225153353181,"text_loss":0.16666032889776036},"loss":0.2967482745839085,"paraphrase_delta_cosine":0.8469773799915661,"paraphrase_loss":0.01678290088548218,"per_field_accuracy":{"container_accuracy":0.5723472668810291,"holder_accuracy":0.09043408360727538,"macro_accuracy":0.3341371918608884,"visibility_accuracy":0.3396302250943607},"state_loss":0.1249225153353181,"text_loss":0.16666032889776036}
