{"aggregate_metrics":{"contrastive_loss":1.5613961258432474,"delta_norm_mean":1.6753190009971108,"delta_norm_std":0.06396798757124347,"exact_state_accuracy":0.0,"example_count":7.695430565889107,"loss":2.8750546879946337,"paraphrase_delta_cosine":0.9626075761963019,"paraphrase_loss":0.003322983447274986,"per_field_accuracy":{"container_accuracy":0.5923934043879269,"holder_accuracy":0.4462060103651174,"macro_accuracy":0.5173472884849046,"visibility_accuracy":0.5134424507016699},"state_loss":0.0,"text_loss":2.8750546879946337},"checkpoint":"runs\\toy_baseline\\checkpoint_best.pt","splits":["val","test_iid","test_lexical_ood","test_paraphrase_ood","test_compositional_ood","test_length_ood"]}
