{"aggregate_metrics":{"contrastive_loss":1.5042855538629163,"delta_norm_mean":1.4878522849677904,"delta_norm_std":0.04502942717972504,"exact_state_accuracy":0.0,"example_count":7.695430565889107,"loss":2.993150040818867,"paraphrase_delta_cosine":0.9662871469671108,"paraphrase_loss":0.0024071600041189367,"per_field_accuracy":{"container_accuracy":0.3677068399995364,"holder_accuracy":0.059402558974076466,"macro_accuracy":0.2290377648156889,"visibility_accuracy":0.26000389547345387},"state_loss":0.10675090655312573,"text_loss":2.8863991393480575},"checkpoint":"runs\\toy_state_head_baseline\\checkpoint_best.pt","splits":["val","test_iid","test_lexical_ood","test_paraphrase_ood","test_compositional_ood","test_length_ood"]}
