{"aggregate_metrics":{"contrastive_loss":2.111631819406008,"delta_norm_mean":0.92943714103925,"delta_norm_std":0.08529523185400151,"exact_state_accuracy":0.0,"example_count":7.695430565889107,"loss":3.2189543368288094,"paraphrase_delta_cosine":0.7653266731375136,"paraphrase_loss":0.006425972210819406,"per_field_accuracy":{"container_accuracy":0.3677068399995364,"holder_accuracy":0.059402558974076466,"macro_accuracy":0.22606811653952205,"visibility_accuracy":0.25109495064495324},"state_loss":0.10696447061967372,"text_loss":2.899541526012204},"checkpoint":"runs\\toy_para_align_baseline\\checkpoint_best.pt","splits":["val","test_iid","test_lexical_ood","test_paraphrase_ood","test_compositional_ood","test_length_ood"]}
