{"aggregate_metrics":{"contrastive_loss":1.9843012111413387,"delta_norm_mean":1.1821276876562352,"delta_norm_std":0.10492897222909593,"exact_state_accuracy":0.0,"example_count":7.695430565889107,"loss":3.260085087694657,"paraphrase_delta_cosine":0.8036388182505778,"paraphrase_loss":0.009263070099586787,"per_field_accuracy":{"container_accuracy":0.3599552757692689,"holder_accuracy":0.04225667188172507,"macro_accuracy":0.21896849471797314,"visibility_accuracy":0.2546935365029253},"state_loss":0.2406857386148013,"text_loss":2.819116635941725},"checkpoint":"runs\\toy_wdlm\\checkpoint_best.pt","splits":["val","test_iid","test_lexical_ood","test_paraphrase_ood","test_compositional_ood","test_length_ood"]}
