{"test_compositional_ood":{"contrastive_loss":1.3274360270727248,"delta_norm_mean":1.1515802996499198,"delta_norm_std":0.11971342771254079,"exact_state_accuracy":0.0,"example_count":7.285714285714286,"loss":3.3875078019641696,"paraphrase_delta_cosine":0.8594805030595689,"paraphrase_loss":0.006264952432719015,"per_field_accuracy":{"container_accuracy":0.4444444472827609,"holder_accuracy":0.011904761993459292,"macro_accuracy":0.20171957784307698,"visibility_accuracy":0.14880952425301075},"split":"test_compositional_ood","state_loss":0.2377470653681528,"text_loss":3.0157642364501953},"test_iid":{"contrastive_loss":0.10305908203125,"delta_norm_mean":1.1632705998420716,"delta_norm_std":0.10140234234757659,"exact_state_accuracy":0.0,"example_count":7.72,"loss":2.6269248867034913,"paraphrase_delta_cosine":0.950541353225708,"paraphrase_loss":0.0021877294033765793,"per_field_accuracy":{"container_accuracy":0.2533333333333333,"holder_accuracy":0.055,"macro_accuracy":0.17611111111111108,"visibility_accuracy":0.22},"split":"test_iid","state_loss":0.23808167695999147,"text_loss":2.3780998039245604},"test_length_ood":{"contrastive_loss":3.1222305595874786,"delta_norm_mean":1.1662007278452318,"delta_norm_std":0.107472001747951,"exact_state_accuracy":0.0,"example_count":8.0,"loss":3.3750504503647485,"paraphrase_delta_cosine":0.7237753247221311,"paraphrase_loss":0.012773049015474195,"per_field_accuracy":{"container_accuracy":0.5225694444444445,"holder_accuracy":0.055989583333333336,"macro_accuracy":0.3167679398148149,"visibility_accuracy":0.3717447916666667},"split":"test_length_ood","state_loss":0.242085344158113,"text_loss":2.8181874603033066},"test_lexical_ood":{"contrastive_loss":5.417632328836541,"delta_norm_mean":1.2582282587101585,"delta_norm_std":0.1109088319619766,"exact_state_accuracy":0.0,"example_count":7.926315789473684,"loss":3.8287995187859787,"paraphrase_delta_cosine":0.47486662645089,"paraphrase_loss":0.02563062853326923,"per_field_accuracy":{"container_accuracy":0.30877193097482647,"holder_accuracy":0.03684210526315789,"macro_accuracy":0.18976608234626507,"visibility_accuracy":0.22368421080081086},"split":"test_lexical_ood","state_loss":0.24985700312413667,"text_loss":3.0320531067095304},"test_paraphrase_ood":{"contrastive_loss":1.4039956889675305,"delta_norm_mean":1.1830866198207057,"delta_norm_std":0.09354317054788203,"exact_state_accuracy":0.0,"example_count":7.95016611295681,"loss":3.4211353083385583,"paraphrase_delta_cosine":0.876163245633591,"paraphrase_loss":0.005851719398484673,"per_field_accuracy":{"container_accuracy":0.2657807310290246,"holder_accuracy":0.03986710964073969,"macro_accuracy":0.17497231456976772,"visibility_accuracy":0.21926910303953875},"split":"test_paraphrase_ood","state_loss":0.2369958417756217,"text_loss":3.0425695525451357},"val":{"contrastive_loss":0.26533448058915765,"delta_norm_mean":1.1661414911872463,"delta_norm_std":0.09692494986167044,"exact_state_accuracy":0.0,"example_count":7.2105263157894735,"loss":2.8789370687384355,"paraphrase_delta_cosine":0.9599859055719877,"paraphrase_loss":0.0017423424624690884,"per_field_accuracy":{"container_accuracy":0.3684210531544267,"holder_accuracy":0.05263157894736842,"macro_accuracy":0.25438596528263124,"visibility_accuracy":0.34210526374609845},"split":"val","state_loss":0.23887696626939273,"text_loss":2.6131782155287895}}
